{"inLevel":[1,1,1,1,1,1,1,1,1,1,1,1,2,2,2,2,2,2,2,2,2,2,2,2,2,2,2,3,3,3,4,4,4,4,4],"inMode":[0,0,0,0,0,0,0,0,0,0,0,0,0,0,0,0,0,0,0,0,0,0,0,0,0,0,0,0,0,0,0,0,0,0,0],"listZoom":[8.800002098083496,8.500001907348633,6.100000381469727,5.800000190734863,5.800000190734863,5.800000190734863,5.800000190734863,5.800000190734863,8.800002098083496,8.800002098083496,8.800002098083496,33.999961853027347,6.40000057220459,6.100000381469727,6.100000381469727,6.100000381469727,8.500001907348633,8.500001907348633,8.500001907348633,8.500001907348633,8.500001907348633,8.500001907348633,6.700000762939453,6.700000762939453,6.700000762939453,6.40000057220459,31.29996681213379,10.000001907348633,10.000001907348633,16.300004959106447,6.09999942779541,6.09999942779541,6.09999942779541,9.400001525878907,16.600004196166993],"listRot":[0.0,0.0,0.0,0.0,0.0,0.0,0.0,0.0,0.0,0.0,0.0,0.0,0.0,0.0,0.0,0.0,0.0,0.0,0.0,0.0,0.0,0.0,0.0,0.0,0.0,0.0,0.0,0.0,0.0,0.0,0.0,0.0,0.0,0.0,0.0],"listX":[-5.788161754608154,11.87666130065918,-16.489490509033204,-3.2638280391693117,12.583523750305176,-15.582409858703614,-1.5636051893234254,12.551441192626954,-13.696361541748047,-2.4531264305114748,9.715143203735352,1.3972749710083008,-16.327396392822267,-9.947400093078614,-0.889462947845459,11.96983528137207,-12.455682754516602,-0.26848331093788149,12.704980850219727,-14.866348266601563,-6.693268775939941,9.551373481750489,-12.046728134155274,0.9031290411949158,10.542129516601563,17.858301162719728,6.272164821624756,3.862234354019165,-2.1747686862945558,1.6735786199569703,-4.934258937835693,-5.4985246658325199,6.514689922332764,0.43591731786727908,0.5973859429359436],"listY":[21.088293075561525,21.09160804748535,6.373132705688477,6.341055393218994,6.276881217956543,-6.683280944824219,-6.458727836608887,-6.3304123878479,-21.441036224365236,-21.392366409301759,-21.100337982177736,-0.45457571744918826,23.225088119506837,23.201473236083986,23.201486587524415,23.171777725219728,8.373331069946289,8.414714813232422,8.311258316040039,-8.297561645507813,-8.525171279907227,-8.570941925048829,-23.25912094116211,-23.275432586669923,-23.422216415405275,-23.384723663330079,-0.4473065137863159,-1.153246283531189,2.863306999206543,-0.2143460065126419,8.695098876953125,-0.9122515320777893,-9.450636863708496,0.642245888710022,-0.3275284469127655]}