{"inLevel":[1,1,1,1,1,1,1,1,1,2,2,2,2,2,2,3,3,3,3,3,3,3,3,3,3,3,3,3,3,3,3,4,4,4,4,4,4,4,4,5,5,5,5,5,5,5,5,5,5,5,6,6,6,6,6,6,6,6,6,6,7,7,7,7,7,7,7,7,7,8,8,8,8,8,8,8,8,8,8,8,8,8,8,8,8,8,8,8,9,9,9,9,9,9,9,9,9,9,9,10,10,10,10,10,10,10,10,10,11,11,11,11,11,11,11,11,11,11,11,11,11,11,11,11,11,11,11,11,11,11],"listZoom":[1.1875,1.0000001192092896,1.1875,1.0000001192092896,1.0000001192092896,0.8125001192092896,1.1875,1.1875,1.0000001192092896,1.75,1.375,1.9374998807907105,1.75,1.75,4.562500476837158,1.0,1.375,1.5625,1.1875,1.1875,1.1875,1.0000001192092896,1.1875,1.1875,0.8125001192092896,1.0000001192092896,1.0000001192092896,1.0000001192092896,1.1875,1.1875,1.0000001192092896,2.499999761581421,2.312499761581421,2.499999761581421,2.124999761581421,2.499999761581421,2.124999761581421,2.124999761581421,2.124999761581421,2.499999761581421,1.9374998807907105,1.5625,1.375,1.375,2.124999761581421,1.75,1.75,1.1875,1.375,3.812500476837158,1.75,1.75,1.75,1.75,1.5625,2.312499761581421,1.1875,1.75,2.124999761581421,1.9374998807907105,1.375,1.375,1.9374998807907105,1.9374998807907105,2.124999761581421,2.124999761581421,2.124999761581421,2.124999761581421,1.9374998807907105,2.124999761581421,1.9374998807907105,1.75,1.9374998807907105,1.9374998807907105,1.75,1.75,1.75,1.1875,1.75,1.75,1.1875,1.5625,1.375,1.375,1.375,1.375,0.8125001192092896,2.124999761581421,1.9374998807907105,1.375,2.312499761581421,1.5625,1.0000001192092896,1.75,1.75,1.375,1.75,1.75,2.875,3.812500476837158,1.5625,1.75,1.5625,1.5625,1.5625,1.5625,1.0000001192092896,1.375,2.124999761581421,0.8125001192092896,0.8125001192092896,1.1875,1.375,1.1875,1.375,1.375,0.8125001192092896,1.0000001192092896,1.0000001192092896,1.0000001192092896,1.0000001192092896,1.1875,0.8125001192092896,1.0000001192092896,1.0000001192092896,1.0000001192092896,1.0000001192092896,1.375,1.375,2.499999761581421],"listRot":[82.00022888183594,28.000131607055665,281.9998474121094,12.000068664550782,259.99981689453127,313.99993896484377,108.00035858154297,22.000125885009767,354.00006103515627,331.99993896484377,356.0,-0.000003841981197183486,-0.000003841981197183486,357.9999694824219,0.0,14.000033378601075,40.00015640258789,358.00006103515627,358.00006103515627,358.00006103515627,358.00006103515627,358.00006103515627,358.00006103515627,358.00006103515627,346.00006103515627,283.99981689453127,329.9998474121094,1.9999381303787232,1.9999381303787232,11.99996280670166,5.999948978424072,0.0,36.00010299682617,358.0000305175781,358.0000305175781,42.00013732910156,0.0,0.0,0.0,0.0,0.0,0.0,0.0,0.0,337.99993896484377,0.0,0.0,0.0,0.0,0.0,22.000051498413087,0.0,12.000032424926758,12.000032424926758,0.0,341.9999694824219,295.9997863769531,12.000031471252442,0.00000213443399843527,353.9999694824219,0.0,58.00014877319336,26.000064849853517,321.9999084472656,0.0,0.0,0.0,0.0,0.0,0.0,88.0002670288086,134.00038146972657,180.00045776367188,220.0005645751953,0.0,271.99969482421877,309.999755859375,0.0,349.9999694824219,22.00005340576172,32.00010299682617,56.000160217285159,104.00032043457031,230.00062561035157,294.00079345703127,336.0008544921875,22.000057220458986,0.0,358.0,358.0,358.0,0.0,0.0,0.0,20.00005340576172,0.0,14.000038146972657,0.0,0.0,315.9998779296875,22.000057220458986,0.0,0.0,26.000072479248048,0.0,0.0,0.0,335.99993896484377,0.0,6.00001335144043,-4.268867712653446e-7,28.000070571899415,58.00014877319336,92.000244140625,90.000244140625,0.0,24.000062942504884,42.000118255615237,4.000031471252441,356.0,356.0,251.99978637695313,342.0000305175781,285.99981689453127,329.9999084472656,325.9998779296875,357.99993896484377,357.99993896484377,44.00007247924805,0.0],"listX":[-3.7931137084960939,-1.322995901107788,3.572016716003418,1.119533896446228,3.0365402698516847,0.226976677775383,-3.324268341064453,-1.4521448612213135,0.7060604691505432,2.9062812328338625,2.6207265853881838,-3.1021459102630617,-0.303580105304718,-1.1050777435302735,-0.09164886176586151,-1.247459053993225,-3.328299045562744,-3.741831064224243,-3.7180824279785158,-0.11411973834037781,2.066005229949951,4.140493392944336,0.8830296397209168,-1.6917670965194703,1.52753484249115,3.711733102798462,2.4731357097625734,0.7760255932807922,-1.0831252336502076,-1.1123219728469849,0.8083727955818176,-3.76792573928833,-3.7886946201324465,2.094228744506836,3.8640682697296144,2.5128872394561769,1.433484673500061,-1.8690228462219239,-3.930267095565796,-0.10430267453193665,-2.64211368560791,-3.667538642883301,-1.2627146244049073,1.1036494970321656,2.7517380714416506,3.4322774410247804,3.432471990585327,0.9466184377670288,-0.8245677947998047,-0.15149101614952088,-4.036154270172119,1.2246323823928834,3.249735116958618,3.7953507900238039,0.7923089861869812,-2.178586006164551,-3.121830940246582,-3.032095432281494,0.5314914584159851,3.01084566116333,0.344196617603302,-3.7838833332061769,-3.5004520416259767,-2.145038366317749,-0.04770748317241669,2.7560336589813234,3.265810489654541,-0.003417868632823229,-0.016783569008111955,-2.7154531478881838,-3.1610658168792726,-2.85433030128479,0.3192993104457855,3.571139335632324,1.3970855474472047,3.6491916179656984,2.7423994541168215,3.494887351989746,0.596831738948822,-1.126660943031311,-1.9703961610794068,-1.477940320968628,-1.5531879663467408,0.9994516372680664,0.9701040983200073,0.31314903497695925,-0.7498964667320252,0.14775611460208894,2.026764154434204,-3.8422200679779054,-2.7979695796966554,-2.8896989822387697,-4.00575065612793,-0.38220417499542239,1.675125241279602,3.4758429527282717,3.2156474590301515,-0.3576807379722595,1.398193359375,-0.28850024938583376,-1.4501696825027466,-3.168858051300049,0.15740945935249329,3.6049323081970217,2.3625388145446779,3.5685389041900636,-1.0879197120666505,-2.7671256065368654,0.038461387157440189,0.08710091561079025,0.34871047735214236,-1.2037394046783448,-3.386230230331421,-3.4278485774993898,-3.402129650115967,-1.258059024810791,-1.2331665754318238,-1.8136154413223267,-0.07884863764047623,1.459283709526062,3.427650213241577,3.1103885173797609,2.2376389503479006,2.9768764972686769,2.297715425491333,1.9310799837112427,0.9197680950164795,0.08762545883655548,-2.809800624847412,-0.1913793385028839],